{"weights":[-11.441179275512695,1.731533169746399,7.845595359802246,-0.2915843725204468,-0.5113996267318726],"learning_rate":0.001}