{"weights":[-10.622008323669434,1.379406452178955,7.2168660163879395,-0.891022801399231,-0.822330117225647],"learning_rate":0.001}